{
    "price_volume_url": "/api/nots/securityDailyTradeStat/58",
    "summary_url": "/api/nots/market-summary/",
    "supply_demand_url": "/api/nots/nepse-data/supplydemand",
    "turnover_url": "/api/nots/top-ten/turnover",
    "top_gainers_url": "/api/nots/top-ten/top-gainer",
    "top_losers_url": "/api/nots/top-ten/top-loser",
    "top_ten_trade_url": "/api/nots/top-ten/trade",
    "top_ten_transaction_url": "/api/nots/top-ten/transaction",
    "top_ten_turnover_url": "/api/nots/top-ten/turnover",
    "nepse_open_url": "/api/nots/nepse-data/market-open",
    "nepse_index_url": "/api/nots/nepse-index",
    "nepse_subindices_url": "/api/nots",
    "company_list_url": "/api/nots/company/list",
    "security_list_url": "/api/nots/security?nonDelisted=true",
    "nepse_index_daily_graph": "/api/nots/graph/index/58",
    "sensitive_index_daily_graph": "/api/nots/graph/index/57",
    "float_index_daily_graph": "/api/nots/graph/index/62",
    "sensitive_float_index_daily_graph": "/api/nots/graph/index/63",
    "banking_sub_index_graph": "/api/nots/graph/index/51",
    "development_bank_sub_index_graph": "/api/nots/graph/index/55",
    "finance_sub_index_graph": "/api/nots/graph/index/60",
    "hotel_tourism_sub_index_graph": "/api/nots/graph/index/52",
    "hydro_sub_index_graph": "/api/nots/graph/index/54",
    "investment_sub_index_graph": "/api/nots/graph/index/67",
    "life_insurance_sub_index_graph": "/api/nots/graph/index/65",
    "manufacturing_sub_index_graph": "/api/nots/graph/index/56",
    "microfinance_sub_index_graph": "/api/nots/graph/index/64",
    "mutual_fund_sub_index_graph": "/api/nots/graph/index/66",
    "non_life_insurance_sub_index_graph": "/api/nots/graph/index/59",
    "others_sub_index_graph": "/api/nots/graph/index/53",
    "trading_sub_index_graph": "/api/nots/graph/index/61",
    "company_daily_graph": "/api/nots/market/graphdata/daily/",
    "company_details": "/api/nots/security/",
    "company_price_volume_history": "/api/nots/market/history/security/",
    "company_floorsheet": "/api/nots/security/floorsheet/",
    "floor_sheet": "/api/nots/nepse-data/floorsheet",
    "todays_price": "/api/nots/nepse-data/today-price",
    "live-market": "/api/nots/lives-market",
    "market-depth": "/api/nots/nepse-data/marketdepth/"
}
